"","country.g","provinces","matched","converted_names","mergednames"
"1","Angola","Bengo",1,"Bengo","Angola_Bengo"
"2","Angola","Benguela",1,"Benguela","Angola_Benguela"
"3","Angola","Bi¨¦",1,"Bie","Angola_Bie"
"4","Angola","Cabinda",1,"Cabinda","Angola_Cabinda"
"5","Angola","Cuando Cubango",1,"Cuando Cubango","Angola_Cuando Cubango"
"6","Angola","Cuanza Norte",1,"Cuanza Norte","Angola_Cuanza Norte"
"7","Angola","Cuanza Sul",1,"Cuanza Sul","Angola_Cuanza Sul"
"8","Angola","Cunene",1,"Cunene","Angola_Cunene"
"9","Angola","Huambo",1,"Huambo","Angola_Huambo"
"10","Angola","Hu¨ªla",1,"Huila","Angola_Huila"
"11","Angola","Luanda",1,"Luanda","Angola_Luanda"
"12","Angola","Lunda Norte",1,"Lunda Norte","Angola_Lunda Norte"
"13","Angola","Lunda Sul",1,"Lunda Sul","Angola_Lunda Sul"
"14","Angola","Malanje",1,"Malanje","Angola_Malanje"
"15","Angola","Moxico",1,"Moxico","Angola_Moxico"
"16","Angola","Namibe",1,"Namibe","Angola_Namibe"
"17","Angola","U¨ªge",1,"Uige","Angola_Uige"
"18","Angola","Zaire",1,"Zaire","Angola_Zaire"
"19","Burundi","Bubanza",1,"Bubanza","Burundi_Bubanza"
"20","Burundi","Bujumbura Mairie",1,"Bujumbura Mairie","Burundi_Bujumbura Mairie"
"21","Burundi","Bujumbura Rural",1,"Bujumbura Rural","Burundi_Bujumbura Rural"
"22","Burundi","Bururi",1,"Bururi","Burundi_Bururi"
"23","Burundi","Cankuzo",1,"Cankuzo","Burundi_Cankuzo"
"24","Burundi","Cibitoke",1,"Cibitoke","Burundi_Cibitoke"
"25","Burundi","Gitega",1,"Gitega","Burundi_Gitega"
"26","Burundi","Karuzi",1,"Karuzi","Burundi_Karuzi"
"27","Burundi","Kayanza",1,"Kayanza","Burundi_Kayanza"
"28","Burundi","Kirundo",1,"Kirundo","Burundi_Kirundo"
"29","Burundi","Makamba",1,"Makamba","Burundi_Makamba"
"30","Burundi","Muramvya",1,"Muramvya","Burundi_Muramvya"
"31","Burundi","Muyinga",1,"Muyinga","Burundi_Muyinga"
"32","Burundi","Mwaro",1,"Mwaro","Burundi_Mwaro"
"33","Burundi","Ngozi",1,"Ngozi","Burundi_Ngozi"
"34","Burundi","Rutana",1,"Rutana","Burundi_Rutana"
"35","Burundi","Ruyigi",1,"Ruyigi","Burundi_Ruyigi"
"36","Benin","Alibori",1,"Alibori","Benin_Alibori"
"37","Benin","Atakora",1,"Atakora","Benin_Atakora"
"38","Benin","Atlantique",1,"Atlantique","Benin_Atlantique"
"39","Benin","Borgou",1,"Borgou","Benin_Borgou"
"40","Benin","Collines",1,"Collines","Benin_Collines"
"41","Benin","Donga",1,"Donga","Benin_Donga"
"42","Benin","Kouffo",1,"Kouffo","Benin_Kouffo"
"43","Benin","Littoral",1,"Littoral","Benin_Littoral"
"44","Benin","Mono",1,"Mono","Benin_Mono"
"45","Benin","Ou¨¦m¨¦",1,"Oueme","Benin_Oueme"
"46","Benin","Plateau",1,"Plateau","Benin_Plateau"
"47","Benin","Zou",1,"Zou","Benin_Zou"
"48","Burkina Faso","Boucle du Mouhoun",1,"Boucle du Mouhoun","Burkina Faso_Boucle du Mouhoun"
"49","Burkina Faso","Cascades",1,"Cascades","Burkina Faso_Cascades"
"50","Burkina Faso","Centre",1,"Centre","Burkina Faso_Centre"
"51","Burkina Faso","Centre-Est",1,"Centre-Est","Burkina Faso_Centre-Est"
"52","Burkina Faso","Centre-Nord",1,"Centre-Nord","Burkina Faso_Centre-Nord"
"53","Burkina Faso","Centre-Ouest",1,"Centre-Ouest","Burkina Faso_Centre-Ouest"
"54","Burkina Faso","Centre-Sud",1,"Centre-Sud","Burkina Faso_Centre-Sud"
"55","Burkina Faso","Est",1,"Est","Burkina Faso_Est"
"56","Burkina Faso","Haut-Bassins",1,"Haut-Bassins","Burkina Faso_Haut-Bassins"
"57","Burkina Faso","Nord",1,"Nord","Burkina Faso_Nord"
"58","Burkina Faso","Plateau-Central",1,"Plateau-Central","Burkina Faso_Plateau-Central"
"59","Burkina Faso","Sahel",1,"Sahel","Burkina Faso_Sahel"
"60","Burkina Faso","Sud-Ouest",1,"Sud-Ouest","Burkina Faso_Sud-Ouest"
"61","Botswana","Central",1,"Central","Botswana_Central"
"62","Botswana","Chobe",1,"Chobe","Botswana_Chobe"
"63","Botswana","Francistown",1,"Francistown","Botswana_Francistown"
"64","Botswana","Gaborone",1,"Gaborone","Botswana_Gaborone"
"65","Botswana","Ghanzi",1,"Ghanzi","Botswana_Ghanzi"
"66","Botswana","Jwaneng",1,"Jwaneng","Botswana_Jwaneng"
"67","Botswana","Kgalagadi",1,"Kgalagadi","Botswana_Kgalagadi"
"68","Botswana","Kgatleng",1,"Kgatleng","Botswana_Kgatleng"
"69","Botswana","Kweneng",1,"Kweneng","Botswana_Kweneng"
"70","Botswana","Lobatse",1,"Lobatse","Botswana_Lobatse"
"71","Botswana","North-East",1,"North-East","Botswana_North-East"
"72","Botswana","North-West",1,"North-West","Botswana_North-West"
"73","Botswana","Selibe Phikwe",1,"Selibe Phikwe","Botswana_Selibe Phikwe"
"74","Botswana","South-East",1,"South-East","Botswana_South-East"
"75","Botswana","Southern",1,"Southern","Botswana_Southern"
"76","Botswana","Sowa",1,"Sowa","Botswana_Sowa"
"77","Central African Republic","Bamingui-Bangoran",1,"Bamingui-Bangoran","Central African Republic_Bamingui-Bangoran"
"78","Central African Republic","Bangui",1,"Bangui","Central African Republic_Bangui"
"79","Central African Republic","Basse-Kotto",1,"Basse-Kotto","Central African Republic_Basse-Kotto"
"80","Central African Republic","Haut-Mbomou",1,"Haut-Mbomou","Central African Republic_Haut-Mbomou"
"81","Central African Republic","Haute-Kotto",1,"Haute-Kotto","Central African Republic_Haute-Kotto"
"82","Central African Republic","K¨¦mo",1,"Kemo","Central African Republic_Kemo"
"83","Central African Republic","Lobaye",1,"Lobaye","Central African Republic_Lobaye"
"84","Central African Republic","Mamb¨¦r¨¦-Kad¨¦<U+00EF>",1,"Mambere-Kadei","Central African Republic_Mambere-Kadei"
"85","Central African Republic","Mbomou",1,"Mbomou","Central African Republic_Mbomou"
"86","Central African Republic","Nana-Gr¨¦bizi",1,"Nana-Grebizi","Central African Republic_Nana-Grebizi"
"87","Central African Republic","Nana-Mamb¨¦r¨¦",1,"Nana-Mambere","Central African Republic_Nana-Mambere"
"88","Central African Republic","Ombella-M'Poko",1,"Ombella-M'Poko","Central African Republic_Ombella-M'Poko"
"89","Central African Republic","Ouaka",1,"Ouaka","Central African Republic_Ouaka"
"90","Central African Republic","Ouham",1,"Ouham","Central African Republic_Ouham"
"91","Central African Republic","Ouham-Pend¨¦",1,"Ouham-Pende","Central African Republic_Ouham-Pende"
"92","Central African Republic","Sangha-Mba¨¦r¨¦",1,"Sangha-Mbaere","Central African Republic_Sangha-Mbaere"
"93","Central African Republic","Vakaga",1,"Vakaga","Central African Republic_Vakaga"
"94","C<U+00F4>te d'Ivoire","Abidjan",1,"Abidjan","C<U+00F4>te d'Ivoire_Abidjan"
"95","C<U+00F4>te d'Ivoire","Bas-Sassandra",1,"Bas-Sassandra","C<U+00F4>te d'Ivoire_Bas-Sassandra"
"96","C<U+00F4>te d'Ivoire","Como¨¦",1,"Comoe","C<U+00F4>te d'Ivoire_Comoe"
"97","C<U+00F4>te d'Ivoire","Dengu¨¦l¨¦",1,"Denguele","C<U+00F4>te d'Ivoire_Denguele"
"98","C<U+00F4>te d'Ivoire","G<U+00F4>h-Djiboua",1,"Goh-Djiboua","C<U+00F4>te d'Ivoire_Goh-Djiboua"
"99","C<U+00F4>te d'Ivoire","Lacs",1,"Lacs","C<U+00F4>te d'Ivoire_Lacs"
"100","C<U+00F4>te d'Ivoire","Lagunes",1,"Lagunes","C<U+00F4>te d'Ivoire_Lagunes"
"101","C<U+00F4>te d'Ivoire","Montagnes",1,"Montagnes","C<U+00F4>te d'Ivoire_Montagnes"
"102","C<U+00F4>te d'Ivoire","Sassandra-Marahou¨¦",1,"Sassandra-Marahoue","C<U+00F4>te d'Ivoire_Sassandra-Marahoue"
"103","C<U+00F4>te d'Ivoire","Savanes",1,"Savanes","C<U+00F4>te d'Ivoire_Savanes"
"104","C<U+00F4>te d'Ivoire","Vall¨¦e du Bandama",1,"Vallee du Bandama","C<U+00F4>te d'Ivoire_Vallee du Bandama"
"105","C<U+00F4>te d'Ivoire","Woroba",1,"Woroba","C<U+00F4>te d'Ivoire_Woroba"
"106","C<U+00F4>te d'Ivoire","Yamoussoukro",1,"Yamoussoukro","C<U+00F4>te d'Ivoire_Yamoussoukro"
"107","C<U+00F4>te d'Ivoire","Zanzan",1,"Zanzan","C<U+00F4>te d'Ivoire_Zanzan"
"108","Cameroon","Adamaoua",1,"Adamaoua","Cameroon_Adamaoua"
"109","Cameroon","Centre",1,"Centre","Cameroon_Centre"
"110","Cameroon","Est",1,"Est","Cameroon_Est"
"111","Cameroon","Extr¨ºme-Nord",1,"Extreme-Nord","Cameroon_Extreme-Nord"
"112","Cameroon","Littoral",1,"Littoral","Cameroon_Littoral"
"113","Cameroon","Nord",1,"Nord","Cameroon_Nord"
"114","Cameroon","Nord-Ouest",1,"Nord-Ouest","Cameroon_Nord-Ouest"
"115","Cameroon","Ouest",1,"Ouest","Cameroon_Ouest"
"116","Cameroon","Sud",1,"Sud","Cameroon_Sud"
"117","Cameroon","Sud-Ouest",1,"Sud-Ouest","Cameroon_Sud-Ouest"
"118","Democratic Republic of the Congo","Bas-U¨¦l¨¦",1,"Bas-Uele","Democratic Republic of the Congo_Bas-Uele"
"119","Democratic Republic of the Congo","¨¦quateur",1,"¨¦quateur","Democratic Republic of the Congo_¨¦quateur"
"120","Democratic Republic of the Congo","Haut-Katanga",1,"Haut-Katanga","Democratic Republic of the Congo_Haut-Katanga"
"121","Democratic Republic of the Congo","Haut-Lomami",1,"Haut-Lomami","Democratic Republic of the Congo_Haut-Lomami"
"122","Democratic Republic of the Congo","Haut-U¨¦l¨¦",1,"Haut-Uele","Democratic Republic of the Congo_Haut-Uele"
"123","Democratic Republic of the Congo","Ituri",1,"Ituri","Democratic Republic of the Congo_Ituri"
"124","Democratic Republic of the Congo","Kasa<U+00EF>",1,"Kasai","Democratic Republic of the Congo_Kasai"
"125","Democratic Republic of the Congo","Kasa<U+00EF>-Central",1,"Kasai-Central","Democratic Republic of the Congo_Kasai-Central"
"126","Democratic Republic of the Congo","Kasa<U+00EF>-Oriental",1,"Kasai-Oriental","Democratic Republic of the Congo_Kasai-Oriental"
"127","Democratic Republic of the Congo","Kinshasa",1,"Kinshasa","Democratic Republic of the Congo_Kinshasa"
"128","Democratic Republic of the Congo","Kongo-Central",1,"Kongo-Central","Democratic Republic of the Congo_Kongo-Central"
"129","Democratic Republic of the Congo","Kwango",1,"Kwango","Democratic Republic of the Congo_Kwango"
"130","Democratic Republic of the Congo","Kwilu",1,"Kwilu","Democratic Republic of the Congo_Kwilu"
"131","Democratic Republic of the Congo","Lomami",1,"Lomami","Democratic Republic of the Congo_Lomami"
"132","Democratic Republic of the Congo","Lualaba",1,"Lualaba","Democratic Republic of the Congo_Lualaba"
"133","Democratic Republic of the Congo","Ma<U+00EF>-Ndombe",1,"Mai-Ndombe","Democratic Republic of the Congo_Mai-Ndombe"
"134","Democratic Republic of the Congo","Maniema",1,"Maniema","Democratic Republic of the Congo_Maniema"
"135","Democratic Republic of the Congo","Mongala",1,"Mongala","Democratic Republic of the Congo_Mongala"
"136","Democratic Republic of the Congo","Nord-Kivu",1,"Nord-Kivu","Democratic Republic of the Congo_Nord-Kivu"
"137","Democratic Republic of the Congo","Nord-Ubangi",1,"Nord-Ubangi","Democratic Republic of the Congo_Nord-Ubangi"
"138","Democratic Republic of the Congo","Sankuru",1,"Sankuru","Democratic Republic of the Congo_Sankuru"
"139","Democratic Republic of the Congo","Sud-Kivu",1,"Sud-Kivu","Democratic Republic of the Congo_Sud-Kivu"
"140","Democratic Republic of the Congo","Sud-Ubangi",1,"Sud-Ubangi","Democratic Republic of the Congo_Sud-Ubangi"
"141","Democratic Republic of the Congo","Tanganyika",1,"Tanganyika","Democratic Republic of the Congo_Tanganyika"
"142","Democratic Republic of the Congo","Tshopo",1,"Tshopo","Democratic Republic of the Congo_Tshopo"
"143","Democratic Republic of the Congo","Tshuapa",1,"Tshuapa","Democratic Republic of the Congo_Tshuapa"
"144","Republic of Congo","Bouenza",1,"Bouenza","Republic of Congo_Bouenza"
"145","Republic of Congo","Brazzaville",1,"Brazzaville","Republic of Congo_Brazzaville"
"146","Republic of Congo","Cuvette",1,"Cuvette","Republic of Congo_Cuvette"
"147","Republic of Congo","Cuvette-Ouest",1,"Cuvette-Ouest","Republic of Congo_Cuvette-Ouest"
"148","Republic of Congo","Kouilou",1,"Kouilou","Republic of Congo_Kouilou"
"149","Republic of Congo","L¨¦koumou",1,"Lekoumou","Republic of Congo_Lekoumou"
"150","Republic of Congo","Likouala",1,"Likouala","Republic of Congo_Likouala"
"151","Republic of Congo","Niari",1,"Niari","Republic of Congo_Niari"
"152","Republic of Congo","Plateaux",1,"Plateaux","Republic of Congo_Plateaux"
"153","Republic of Congo","Pointe Noire",1,"Pointe Noire","Republic of Congo_Pointe Noire"
"154","Republic of Congo","Pool",1,"Pool","Republic of Congo_Pool"
"155","Republic of Congo","Sangha",1,"Sangha","Republic of Congo_Sangha"
"156","Comoros","Mwali",1,"Mwali","Comoros_Mwali"
"157","Comoros","Njaz¨ªdja",1,"Njazidja","Comoros_Njazidja"
"158","Comoros","Nzwani",1,"Nzwani","Comoros_Nzwani"
"159","Cape Verde","Boa Vista",1,"Boa Vista","Cape Verde_Boa Vista"
"160","Cape Verde","Brava",1,"Brava","Cape Verde_Brava"
"161","Cape Verde","Maio",1,"Maio","Cape Verde_Maio"
"162","Cape Verde","Mosteiros",1,"Mosteiros","Cape Verde_Mosteiros"
"163","Cape Verde","Pa¨²l",1,"Pa¨²l","Cape Verde_Pa¨²l"
"164","Cape Verde","Porto Novo",1,"Porto Novo","Cape Verde_Porto Novo"
"165","Cape Verde","Praia",1,"Praia","Cape Verde_Praia"
"166","Cape Verde","Ribeira Brava",1,"Ribeira Brava","Cape Verde_Ribeira Brava"
"167","Cape Verde","Ribeira Grande",1,"Ribeira Grande","Cape Verde_Ribeira Grande"
"168","Cape Verde","Ribeira Grande de Santiago",1,"Ribeira Grande de Santiago","Cape Verde_Ribeira Grande de Santiago"
"169","Cape Verde","Sal",1,"Sal","Cape Verde_Sal"
"170","Cape Verde","Santa Catarina",1,"Santa Catarina","Cape Verde_Santa Catarina"
"171","Cape Verde","Santa Catarina do Fogo ",1,"Santa Catarina do Fogo ","Cape Verde_Santa Catarina do Fogo "
"172","Cape Verde","Santa Cruz",1,"Santa Cruz","Cape Verde_Santa Cruz"
"173","Cape Verde","S<U+00E3>o Domingos",1,"Sao Domingos","Cape Verde_Sao Domingos"
"174","Cape Verde","S<U+00E3>o Filipe",1,"Sao Filipe","Cape Verde_Sao Filipe"
"175","Cape Verde","S<U+00E3>o Louren<U+00E7>o dos ¨®rg<U+00E3>os",1,"Sao Louren<U+00E7>o dos ¨®rgaos","Cape Verde_Sao Louren<U+00E7>o dos ¨®rgaos"
"176","Cape Verde","S<U+00E3>o Miguel",1,"Sao Miguel","Cape Verde_Sao Miguel"
"177","Cape Verde","S<U+00E3>o Salvador do Mundo",1,"Sao Salvador do Mundo","Cape Verde_Sao Salvador do Mundo"
"178","Cape Verde","S<U+00E3>o Vicente",1,"Sao Vicente","Cape Verde_Sao Vicente"
"179","Cape Verde","Tarrafal",1,"Tarrafal","Cape Verde_Tarrafal"
"180","Cape Verde","Tarrafal de S<U+00E3>o Nicolau",1,"Tarrafal de Sao Nicolau","Cape Verde_Tarrafal de Sao Nicolau"
"181","Djibouti","Ali Sabieh",1,"Ali Sabieh","Djibouti_Ali Sabieh"
"182","Djibouti","Dikhil",1,"Dikhil","Djibouti_Dikhil"
"183","Djibouti","Djibouti",1,"Djibouti","Djibouti_Djibouti"
"184","Djibouti","Obock",1,"Obock","Djibouti_Obock"
"185","Djibouti","Tadjourah",1,"Tadjourah","Djibouti_Tadjourah"
"186","Egypt","Ad Daqahliyah",1,"Ad Daqahliyah","Egypt_Ad Daqahliyah"
"187","Egypt","Al Bahr al Ahmar",1,"Al Bahr al Ahmar","Egypt_Al Bahr al Ahmar"
"188","Egypt","Al Buhayrah",1,"Al Buhayrah","Egypt_Al Buhayrah"
"189","Egypt","Al Fayyum",1,"Al Fayyum","Egypt_Al Fayyum"
"190","Egypt","Al Gharbiyah",1,"Al Gharbiyah","Egypt_Al Gharbiyah"
"191","Egypt","Al Iskandariyah",1,"Al Iskandariyah","Egypt_Al Iskandariyah"
"192","Egypt","Al Isma`iliyah",1,"Al Ismailiyah","Egypt_Al Ismailiyah"
"193","Egypt","Al Jizah",1,"Al Jizah","Egypt_Al Jizah"
"194","Egypt","Al Minufiyah",1,"Al Minufiyah","Egypt_Al Minufiyah"
"195","Egypt","Al Minya",1,"Al Minya","Egypt_Al Minya"
"196","Egypt","Al Qahirah",1,"Al Qahirah","Egypt_Al Qahirah"
"197","Egypt","Al Qalyubiyah",1,"Al Qalyubiyah","Egypt_Al Qalyubiyah"
"198","Egypt","Al Uqsur",1,"Al Uqsur","Egypt_Al Uqsur"
"199","Egypt","Al Wadi al Jadid",1,"Al Wadi al Jadid","Egypt_Al Wadi al Jadid"
"200","Egypt","As Suways",1,"As Suways","Egypt_As Suways"
"201","Egypt","Ash Sharqiyah",1,"Ash Sharqiyah","Egypt_Ash Sharqiyah"
"202","Egypt","Aswan",1,"Aswan","Egypt_Aswan"
"203","Egypt","Asyut",1,"Asyut","Egypt_Asyut"
"204","Egypt","Bani Suwayf",1,"Bani Suwayf","Egypt_Bani Suwayf"
"205","Egypt","Bur Sa`id",1,"Bur Said","Egypt_Bur Said"
"206","Egypt","Dumyat",1,"Dumyat","Egypt_Dumyat"
"207","Egypt","Janub Sina'",1,"Janub Sina'","Egypt_Janub Sina'"
"208","Egypt","Kafr ash Shaykh",1,"Kafr ash Shaykh","Egypt_Kafr ash Shaykh"
"209","Egypt","Matrouh",1,"Matrouh","Egypt_Matrouh"
"210","Egypt","Qina",1,"Qina","Egypt_Qina"
"211","Egypt","Shamal Sina'",1,"Shamal Sina'","Egypt_Shamal Sina'"
"212","Egypt","Suhaj",1,"Suhaj","Egypt_Suhaj"
"213","Eritrea","Anseba",1,"Anseba","Eritrea_Anseba"
"214","Eritrea","Debub",1,"Debub","Eritrea_Debub"
"215","Eritrea","Debubawi Keyih Bahri",1,"Debubawi Keyih Bahri","Eritrea_Debubawi Keyih Bahri"
"216","Eritrea","Gash Barka",1,"Gash Barka","Eritrea_Gash Barka"
"217","Eritrea","Maekel",1,"Maekel","Eritrea_Maekel"
"218","Eritrea","Semenawi Keyih Bahri",1,"Semenawi Keyih Bahri","Eritrea_Semenawi Keyih Bahri"
"219","Western Sahara","Boujdour",1,"Boujdour","Western Sahara_Boujdour"
"220","Western Sahara","Es Semara",1,"Es Semara","Western Sahara_Es Semara"
"221","Western Sahara","Laayoune",1,"Laayoune","Western Sahara_Laayoune"
"222","Western Sahara","Oued el Dahab",1,"Oued el Dahab","Western Sahara_Oued el Dahab"
"223","Ethiopia","Addis Abeba",1,"Addis Abeba","Ethiopia_Addis Abeba"
"224","Ethiopia","Afar",1,"Afar","Ethiopia_Afar"
"225","Ethiopia","Amhara",1,"Amhara","Ethiopia_Amhara"
"226","Ethiopia","Benshangul-Gumaz",1,"Benshangul-Gumaz","Ethiopia_Benshangul-Gumaz"
"227","Ethiopia","Dire Dawa",1,"Dire Dawa","Ethiopia_Dire Dawa"
"228","Ethiopia","Gambela Peoples",1,"Gambela Peoples","Ethiopia_Gambela Peoples"
"229","Ethiopia","Harari People",1,"Harari People","Ethiopia_Harari People"
"230","Ethiopia","Oromia",1,"Oromia","Ethiopia_Oromia"
"231","Ethiopia","Somali",1,"Somali","Ethiopia_Somali"
"232","Ethiopia","Southern Nations, Nationalities and Peoples",1,"Southern Nations, Nationalities and Peoples","Ethiopia_Southern Nations, Nationalities and Peoples"
"233","Ethiopia","Tigray",1,"Tigray","Ethiopia_Tigray"
"234","Gabon","Estuaire",1,"Estuaire","Gabon_Estuaire"
"235","Gabon","Haut-Ogoou¨¦",1,"Haut-Ogooue","Gabon_Haut-Ogooue"
"236","Gabon","Moyen-Ogoou¨¦",1,"Moyen-Ogooue","Gabon_Moyen-Ogooue"
"237","Gabon","Ngouni¨¦",1,"Ngounie","Gabon_Ngounie"
"238","Gabon","Nyanga",1,"Nyanga","Gabon_Nyanga"
"239","Gabon","Ogoou¨¦-Ivindo",1,"Ogooue-Ivindo","Gabon_Ogooue-Ivindo"
"240","Gabon","Ogoou¨¦-Lolo",1,"Ogooue-Lolo","Gabon_Ogooue-Lolo"
"241","Gabon","Ogoou¨¦-Maritime",1,"Ogooue-Maritime","Gabon_Ogooue-Maritime"
"242","Gabon","Wouleu-Ntem",1,"Wouleu-Ntem","Gabon_Wouleu-Ntem"
"243","Ghana","Ashanti",1,"Ashanti","Ghana_Ashanti"
"244","Ghana","Brong Ahafo",1,"Brong Ahafo","Ghana_Brong Ahafo"
"245","Ghana","Central",1,"Central","Ghana_Central"
"246","Ghana","Eastern",1,"Eastern","Ghana_Eastern"
"247","Ghana","Greater Accra",1,"Greater Accra","Ghana_Greater Accra"
"248","Ghana","Northern",1,"Northern","Ghana_Northern"
"249","Ghana","Upper East",1,"Upper East","Ghana_Upper East"
"250","Ghana","Upper West",1,"Upper West","Ghana_Upper West"
"251","Ghana","Volta",1,"Volta","Ghana_Volta"
"252","Ghana","Western",1,"Western","Ghana_Western"
"253","Guinea","Bok¨¦",1,"Boke","Guinea_Boke"
"254","Guinea","Conakry",1,"Conakry","Guinea_Conakry"
"255","Guinea","Faranah",1,"Faranah","Guinea_Faranah"
"256","Guinea","Kankan",1,"Kankan","Guinea_Kankan"
"257","Guinea","Kindia",1,"Kindia","Guinea_Kindia"
"258","Guinea","Lab¨¦",1,"Labe","Guinea_Labe"
"259","Guinea","Mamou",1,"Mamou","Guinea_Mamou"
"260","Guinea","Nz¨¦r¨¦kor¨¦",1,"Nzerekore","Guinea_Nzerekore"
"261","Gambia","Banjul",1,"Banjul","Gambia_Banjul"
"262","Gambia","Lower River",1,"Lower River","Gambia_Lower River"
"263","Gambia","Maccarthy Island",1,"Maccarthy Island","Gambia_Maccarthy Island"
"264","Gambia","North Bank",1,"North Bank","Gambia_North Bank"
"265","Gambia","Upper River",1,"Upper River","Gambia_Upper River"
"266","Gambia","Western",1,"Western","Gambia_Western"
"267","Guinea-Bissau","Bafat¨¢",1,"Bafat¨¢","Guinea-Bissau_Bafat¨¢"
"268","Guinea-Bissau","Biombo",1,"Biombo","Guinea-Bissau_Biombo"
"269","Guinea-Bissau","Bissau",1,"Bissau","Guinea-Bissau_Bissau"
"270","Guinea-Bissau","Bolama",1,"Bolama","Guinea-Bissau_Bolama"
"271","Guinea-Bissau","Cacheu",1,"Cacheu","Guinea-Bissau_Cacheu"
"272","Guinea-Bissau","Gab¨²",1,"Gab¨²","Guinea-Bissau_Gab¨²"
"273","Guinea-Bissau","Oio",1,"Oio","Guinea-Bissau_Oio"
"274","Guinea-Bissau","Quinara",1,"Quinara","Guinea-Bissau_Quinara"
"275","Guinea-Bissau","Tombali",1,"Tombali","Guinea-Bissau_Tombali"
"276","Equatorial Guinea","Annob¨®n",1,"Annob¨®n","Equatorial Guinea_Annob¨®n"
"277","Equatorial Guinea","Bioko Norte",1,"Bioko Norte","Equatorial Guinea_Bioko Norte"
"278","Equatorial Guinea","Bioko Sur",1,"Bioko Sur","Equatorial Guinea_Bioko Sur"
"279","Equatorial Guinea","Centro Sur",1,"Centro Sur","Equatorial Guinea_Centro Sur"
"280","Equatorial Guinea","Ki¨¦-Ntem",1,"Kie-Ntem","Equatorial Guinea_Kie-Ntem"
"281","Equatorial Guinea","Litoral",1,"Litoral","Equatorial Guinea_Litoral"
"282","Equatorial Guinea","Wele-Nzas",1,"Wele-Nzas","Equatorial Guinea_Wele-Nzas"
"283","Kenya","Baringo",1,"Baringo","Kenya_Baringo"
"284","Kenya","Bomet",1,"Bomet","Kenya_Bomet"
"285","Kenya","Bungoma",1,"Bungoma","Kenya_Bungoma"
"286","Kenya","Busia",1,"Busia","Kenya_Busia"
"287","Kenya","Elgeyo-Marakwet",1,"Elgeyo-Marakwet","Kenya_Elgeyo-Marakwet"
"288","Kenya","Embu",1,"Embu","Kenya_Embu"
"289","Kenya","Garissa",1,"Garissa","Kenya_Garissa"
"290","Kenya","Homa Bay",1,"Homa Bay","Kenya_Homa Bay"
"291","Kenya","Isiolo",1,"Isiolo","Kenya_Isiolo"
"292","Kenya","Kajiado",1,"Kajiado","Kenya_Kajiado"
"293","Kenya","Kakamega",1,"Kakamega","Kenya_Kakamega"
"294","Kenya","Kericho",1,"Kericho","Kenya_Kericho"
"295","Kenya","Kiambu",1,"Kiambu","Kenya_Kiambu"
"296","Kenya","Kilifi",1,"Kilifi","Kenya_Kilifi"
"297","Kenya","Kirinyaga",1,"Kirinyaga","Kenya_Kirinyaga"
"298","Kenya","Kisii",1,"Kisii","Kenya_Kisii"
"299","Kenya","Kisumu",1,"Kisumu","Kenya_Kisumu"
"300","Kenya","Kitui",1,"Kitui","Kenya_Kitui"
"301","Kenya","Kwale",1,"Kwale","Kenya_Kwale"
"302","Kenya","Laikipia",1,"Laikipia","Kenya_Laikipia"
"303","Kenya","Lamu",1,"Lamu","Kenya_Lamu"
"304","Kenya","Machakos",1,"Machakos","Kenya_Machakos"
"305","Kenya","Makueni",1,"Makueni","Kenya_Makueni"
"306","Kenya","Mandera",1,"Mandera","Kenya_Mandera"
"307","Kenya","Marsabit",1,"Marsabit","Kenya_Marsabit"
"308","Kenya","Meru",1,"Meru","Kenya_Meru"
"309","Kenya","Migori",1,"Migori","Kenya_Migori"
"310","Kenya","Mombasa",1,"Mombasa","Kenya_Mombasa"
"311","Kenya","Murang'a",1,"Murang'a","Kenya_Murang'a"
"312","Kenya","Nairobi",1,"Nairobi","Kenya_Nairobi"
"313","Kenya","Nakuru",1,"Nakuru","Kenya_Nakuru"
"314","Kenya","Nandi",1,"Nandi","Kenya_Nandi"
"315","Kenya","Narok",1,"Narok","Kenya_Narok"
"316","Kenya","Nyamira",1,"Nyamira","Kenya_Nyamira"
"317","Kenya","Nyandarua",1,"Nyandarua","Kenya_Nyandarua"
"318","Kenya","Nyeri",1,"Nyeri","Kenya_Nyeri"
"319","Kenya","Samburu",1,"Samburu","Kenya_Samburu"
"320","Kenya","Siaya",1,"Siaya","Kenya_Siaya"
"321","Kenya","Taita Taveta",1,"Taita Taveta","Kenya_Taita Taveta"
"322","Kenya","Tana River",1,"Tana River","Kenya_Tana River"
"323","Kenya","Tharaka-Nithi",1,"Tharaka-Nithi","Kenya_Tharaka-Nithi"
"324","Kenya","Trans Nzoia",1,"Trans Nzoia","Kenya_Trans Nzoia"
"325","Kenya","Turkana",1,"Turkana","Kenya_Turkana"
"326","Kenya","Uasin Gishu",1,"Uasin Gishu","Kenya_Uasin Gishu"
"327","Kenya","Vihiga",1,"Vihiga","Kenya_Vihiga"
"328","Kenya","Wajir",1,"Wajir","Kenya_Wajir"
"329","Kenya","West Pokot",1,"West Pokot","Kenya_West Pokot"
"330","Liberia","Bomi",1,"Bomi","Liberia_Bomi"
"331","Liberia","Bong",1,"Bong","Liberia_Bong"
"332","Liberia","Gbapolu",1,"Gbapolu","Liberia_Gbapolu"
"333","Liberia","Grand Cape Mount",1,"Grand Cape Mount","Liberia_Grand Cape Mount"
"334","Liberia","GrandBassa",1,"GrandBassa","Liberia_GrandBassa"
"335","Liberia","GrandGedeh",1,"GrandGedeh","Liberia_GrandGedeh"
"336","Liberia","GrandKru",1,"GrandKru","Liberia_GrandKru"
"337","Liberia","Lofa",1,"Lofa","Liberia_Lofa"
"338","Liberia","Margibi",1,"Margibi","Liberia_Margibi"
"339","Liberia","Maryland",1,"Maryland","Liberia_Maryland"
"340","Liberia","Montserrado",1,"Montserrado","Liberia_Montserrado"
"341","Liberia","Nimba",1,"Nimba","Liberia_Nimba"
"342","Liberia","River Cess",1,"River Cess","Liberia_River Cess"
"343","Liberia","River Gee",1,"River Gee","Liberia_River Gee"
"344","Liberia","Sinoe",1,"Sinoe","Liberia_Sinoe"
"345","Lesotho","Berea",1,"Berea","Lesotho_Berea"
"346","Lesotho","Butha-Buthe",1,"Butha-Buthe","Lesotho_Butha-Buthe"
"347","Lesotho","Leribe",1,"Leribe","Lesotho_Leribe"
"348","Lesotho","Mafeteng",1,"Mafeteng","Lesotho_Mafeteng"
"349","Lesotho","Maseru",1,"Maseru","Lesotho_Maseru"
"350","Lesotho","Mohale's Hoek",1,"Mohale's Hoek","Lesotho_Mohale's Hoek"
"351","Lesotho","Mokhotlong",1,"Mokhotlong","Lesotho_Mokhotlong"
"352","Lesotho","Qacha's Nek",1,"Qacha's Nek","Lesotho_Qacha's Nek"
"353","Lesotho","Quthing",1,"Quthing","Lesotho_Quthing"
"354","Lesotho","Thaba-Tseka",1,"Thaba-Tseka","Lesotho_Thaba-Tseka"
"355","Morocco","Chaouia - Ouardigha",1,"Chaouia - Ouardigha","Morocco_Chaouia - Ouardigha"
"356","Morocco","Doukkala - Abda",1,"Doukkala - Abda","Morocco_Doukkala - Abda"
"357","Morocco","F¨¨s - Boulemane",1,"Fes - Boulemane","Morocco_Fes - Boulemane"
"358","Morocco","Gharb - Chrarda - B¨¦ni Hssen",1,"Gharb - Chrarda - Beni Hssen","Morocco_Gharb - Chrarda - Beni Hssen"
"359","Morocco","Grand Casablanca",1,"Grand Casablanca","Morocco_Grand Casablanca"
"360","Morocco","Guelmim - Es-Semara",1,"Guelmim - Es-Semara","Morocco_Guelmim - Es-Semara"
"361","Morocco","Laayoune - Boujdour - Sakia El Hamra",1,"Laayoune - Boujdour - Sakia El Hamra","Morocco_Laayoune - Boujdour - Sakia El Hamra"
"362","Morocco","Marrakech - Tensift - Al Haouz",1,"Marrakech - Tensift - Al Haouz","Morocco_Marrakech - Tensift - Al Haouz"
"363","Morocco","Mekn¨¨s - Tafilalet",1,"Meknes - Tafilalet","Morocco_Meknes - Tafilalet"
"364","Morocco","Oriental",1,"Oriental","Morocco_Oriental"
"365","Morocco","Rabat - Sal¨¦ - Zemmour - Zaer",1,"Rabat - Sale - Zemmour - Zaer","Morocco_Rabat - Sale - Zemmour - Zaer"
"366","Morocco","Souss - Massa - Draa",1,"Souss - Massa - Draa","Morocco_Souss - Massa - Draa"
"367","Morocco","Tadla - Azilal",1,"Tadla - Azilal","Morocco_Tadla - Azilal"
"368","Morocco","Tanger - T¨¦touan",1,"Tanger - Tetouan","Morocco_Tanger - Tetouan"
"369","Morocco","Taza - Al Hoceima - Taounate",1,"Taza - Al Hoceima - Taounate","Morocco_Taza - Al Hoceima - Taounate"
"370","Madagascar","Antananarivo",1,"Antananarivo","Madagascar_Antananarivo"
"371","Madagascar","Antsiranana",1,"Antsiranana","Madagascar_Antsiranana"
"372","Madagascar","Fianarantsoa",1,"Fianarantsoa","Madagascar_Fianarantsoa"
"373","Madagascar","Mahajanga",1,"Mahajanga","Madagascar_Mahajanga"
"374","Madagascar","Toamasina",1,"Toamasina","Madagascar_Toamasina"
"375","Madagascar","Toliary",1,"Toliary","Madagascar_Toliary"
"376","Mali","Bamako",1,"Bamako","Mali_Bamako"
"377","Mali","Gao",1,"Gao","Mali_Gao"
"378","Mali","Kayes",1,"Kayes","Mali_Kayes"
"379","Mali","Kidal",1,"Kidal","Mali_Kidal"
"380","Mali","Koulikoro",1,"Koulikoro","Mali_Koulikoro"
"381","Mali","Mopti",1,"Mopti","Mali_Mopti"
"382","Mali","S¨¦gou",1,"Segou","Mali_Segou"
"383","Mali","Sikasso",1,"Sikasso","Mali_Sikasso"
"384","Mali","Timbuktu",1,"Timbuktu","Mali_Timbuktu"
"385","Mozambique","Cabo Delgado",1,"Cabo Delgado","Mozambique_Cabo Delgado"
"386","Mozambique","Gaza",1,"Gaza","Mozambique_Gaza"
"387","Mozambique","Inhambane",1,"Inhambane","Mozambique_Inhambane"
"388","Mozambique","Manica",1,"Manica","Mozambique_Manica"
"389","Mozambique","Maputo",1,"Maputo","Mozambique_Maputo"
"390","Mozambique","Maputo City",1,"Maputo City","Mozambique_Maputo City"
"391","Mozambique","Nampula",1,"Nampula","Mozambique_Nampula"
"392","Mozambique","Nassa",1,"Nassa","Mozambique_Nassa"
"393","Mozambique","Sofala",1,"Sofala","Mozambique_Sofala"
"394","Mozambique","Tete",1,"Tete","Mozambique_Tete"
"395","Mozambique","Zambezia",1,"Zambezia","Mozambique_Zambezia"
"396","Mauritania","Adrar",1,"Adrar","Mauritania_Adrar"
"397","Mauritania","Assaba",1,"Assaba","Mauritania_Assaba"
"398","Mauritania","Brakna",1,"Brakna","Mauritania_Brakna"
"399","Mauritania","Dakhlet Nouadhibou",1,"Dakhlet Nouadhibou","Mauritania_Dakhlet Nouadhibou"
"400","Mauritania","Gorgol",1,"Gorgol","Mauritania_Gorgol"
"401","Mauritania","Guidimaka",1,"Guidimaka","Mauritania_Guidimaka"
"402","Mauritania","Hodh ech Chargui",1,"Hodh ech Chargui","Mauritania_Hodh ech Chargui"
"403","Mauritania","Hodh el Gharbi",1,"Hodh el Gharbi","Mauritania_Hodh el Gharbi"
"404","Mauritania","Inchiri",1,"Inchiri","Mauritania_Inchiri"
"405","Mauritania","Nouakchott",1,"Nouakchott","Mauritania_Nouakchott"
"406","Mauritania","Tagant",1,"Tagant","Mauritania_Tagant"
"407","Mauritania","Tiris Zemmour",1,"Tiris Zemmour","Mauritania_Tiris Zemmour"
"408","Mauritania","Trarza",1,"Trarza","Mauritania_Trarza"
"409","Mauritius","Agalega Islands",1,"Agalega Islands","Mauritius_Agalega Islands"
"410","Mauritius","Black River",1,"Black River","Mauritius_Black River"
"411","Mauritius","Flacq",1,"Flacq","Mauritius_Flacq"
"412","Mauritius","Grand Port",1,"Grand Port","Mauritius_Grand Port"
"413","Mauritius","Moka",1,"Moka","Mauritius_Moka"
"414","Mauritius","Pamplemousses",1,"Pamplemousses","Mauritius_Pamplemousses"
"415","Mauritius","Plaines Wilhems",1,"Plaines Wilhems","Mauritius_Plaines Wilhems"
"416","Mauritius","Port Louis",1,"Port Louis","Mauritius_Port Louis"
"417","Mauritius","Rivi¨¨re du Rempart",1,"Riviere du Rempart","Mauritius_Riviere du Rempart"
"418","Mauritius","Rodriguez",1,"Rodriguez","Mauritius_Rodriguez"
"419","Mauritius","Saint Brandon ",1,"Saint Brandon ","Mauritius_Saint Brandon "
"420","Mauritius","Savanne",1,"Savanne","Mauritius_Savanne"
"421","Malawi","Balaka",1,"Balaka","Malawi_Balaka"
"422","Malawi","Blantyre",1,"Blantyre","Malawi_Blantyre"
"423","Malawi","Chikwawa",1,"Chikwawa","Malawi_Chikwawa"
"424","Malawi","Chiradzulu",1,"Chiradzulu","Malawi_Chiradzulu"
"425","Malawi","Chitipa",1,"Chitipa","Malawi_Chitipa"
"426","Malawi","Dedza",1,"Dedza","Malawi_Dedza"
"427","Malawi","Dowa",1,"Dowa","Malawi_Dowa"
"428","Malawi","Karonga",1,"Karonga","Malawi_Karonga"
"429","Malawi","Kasungu",1,"Kasungu","Malawi_Kasungu"
"430","Malawi","Likoma",1,"Likoma","Malawi_Likoma"
"431","Malawi","Lilongwe",1,"Lilongwe","Malawi_Lilongwe"
"432","Malawi","Machinga",1,"Machinga","Malawi_Machinga"
"433","Malawi","Mangochi",1,"Mangochi","Malawi_Mangochi"
"434","Malawi","Mchinji",1,"Mchinji","Malawi_Mchinji"
"435","Malawi","Mulanje",1,"Mulanje","Malawi_Mulanje"
"436","Malawi","Mwanza",1,"Mwanza","Malawi_Mwanza"
"437","Malawi","Mzimba",1,"Mzimba","Malawi_Mzimba"
"438","Malawi","Neno",1,"Neno","Malawi_Neno"
"439","Malawi","Nkhata Bay",1,"Nkhata Bay","Malawi_Nkhata Bay"
"440","Malawi","Nkhotakota",1,"Nkhotakota","Malawi_Nkhotakota"
"441","Malawi","Nsanje",1,"Nsanje","Malawi_Nsanje"
"442","Malawi","Ntcheu",1,"Ntcheu","Malawi_Ntcheu"
"443","Malawi","Ntchisi",1,"Ntchisi","Malawi_Ntchisi"
"444","Malawi","Phalombe",1,"Phalombe","Malawi_Phalombe"
"445","Malawi","Rumphi",1,"Rumphi","Malawi_Rumphi"
"446","Malawi","Salima",1,"Salima","Malawi_Salima"
"447","Malawi","Thyolo",1,"Thyolo","Malawi_Thyolo"
"448","Malawi","Zomba",1,"Zomba","Malawi_Zomba"
"449","Namibia","!Karas",1,"!Karas","Namibia_!Karas"
"450","Namibia","Erongo",1,"Erongo","Namibia_Erongo"
"451","Namibia","Hardap",1,"Hardap","Namibia_Hardap"
"452","Namibia","Kavango",1,"Kavango","Namibia_Kavango"
"453","Namibia","Khomas",1,"Khomas","Namibia_Khomas"
"454","Namibia","Kunene",1,"Kunene","Namibia_Kunene"
"455","Namibia","Ohangwena",1,"Ohangwena","Namibia_Ohangwena"
"456","Namibia","Omaheke",1,"Omaheke","Namibia_Omaheke"
"457","Namibia","Omusati",1,"Omusati","Namibia_Omusati"
"458","Namibia","Oshana",1,"Oshana","Namibia_Oshana"
"459","Namibia","Oshikoto",1,"Oshikoto","Namibia_Oshikoto"
"460","Namibia","Otjozondjupa",1,"Otjozondjupa","Namibia_Otjozondjupa"
"461","Namibia","Zambezi",1,"Zambezi","Namibia_Zambezi"
"462","Niger","Agadez",1,"Agadez","Niger_Agadez"
"463","Niger","Diffa",1,"Diffa","Niger_Diffa"
"464","Niger","Dosso",1,"Dosso","Niger_Dosso"
"465","Niger","Maradi",1,"Maradi","Niger_Maradi"
"466","Niger","Niamey",1,"Niamey","Niger_Niamey"
"467","Niger","Tahoua",1,"Tahoua","Niger_Tahoua"
"468","Niger","Tillab¨¦ry",1,"Tillabery","Niger_Tillabery"
"469","Niger","Zinder",1,"Zinder","Niger_Zinder"
"470","Nigeria","Abia",1,"Abia","Nigeria_Abia"
"471","Nigeria","Adamawa",1,"Adamawa","Nigeria_Adamawa"
"472","Nigeria","Akwa Ibom",1,"Akwa Ibom","Nigeria_Akwa Ibom"
"473","Nigeria","Anambra",1,"Anambra","Nigeria_Anambra"
"474","Nigeria","Bauchi",1,"Bauchi","Nigeria_Bauchi"
"475","Nigeria","Bayelsa",1,"Bayelsa","Nigeria_Bayelsa"
"476","Nigeria","Benue",1,"Benue","Nigeria_Benue"
"477","Nigeria","Borno",1,"Borno","Nigeria_Borno"
"478","Nigeria","Cross River",1,"Cross River","Nigeria_Cross River"
"479","Nigeria","Delta",1,"Delta","Nigeria_Delta"
"480","Nigeria","Ebonyi",1,"Ebonyi","Nigeria_Ebonyi"
"481","Nigeria","Edo",1,"Edo","Nigeria_Edo"
"482","Nigeria","Ekiti",1,"Ekiti","Nigeria_Ekiti"
"483","Nigeria","Enugu",1,"Enugu","Nigeria_Enugu"
"484","Nigeria","Federal Capital Territory",1,"Federal Capital Territory","Nigeria_Federal Capital Territory"
"485","Nigeria","Gombe",1,"Gombe","Nigeria_Gombe"
"486","Nigeria","Imo",1,"Imo","Nigeria_Imo"
"487","Nigeria","Jigawa",1,"Jigawa","Nigeria_Jigawa"
"488","Nigeria","Kaduna",1,"Kaduna","Nigeria_Kaduna"
"489","Nigeria","Kano",1,"Kano","Nigeria_Kano"
"490","Nigeria","Katsina",1,"Katsina","Nigeria_Katsina"
"491","Nigeria","Kebbi",1,"Kebbi","Nigeria_Kebbi"
"492","Nigeria","Kogi",1,"Kogi","Nigeria_Kogi"
"493","Nigeria","Kwara",1,"Kwara","Nigeria_Kwara"
"494","Nigeria","Lagos",1,"Lagos","Nigeria_Lagos"
"495","Nigeria","Nassarawa",1,"Nassarawa","Nigeria_Nassarawa"
"496","Nigeria","Niger",1,"Niger","Nigeria_Niger"
"497","Nigeria","Ogun",1,"Ogun","Nigeria_Ogun"
"498","Nigeria","Ondo",1,"Ondo","Nigeria_Ondo"
"499","Nigeria","Osun",1,"Osun","Nigeria_Osun"
"500","Nigeria","Oyo",1,"Oyo","Nigeria_Oyo"
"501","Nigeria","Plateau",1,"Plateau","Nigeria_Plateau"
"502","Nigeria","Rivers",1,"Rivers","Nigeria_Rivers"
"503","Nigeria","Sokoto",1,"Sokoto","Nigeria_Sokoto"
"504","Nigeria","Taraba",1,"Taraba","Nigeria_Taraba"
"505","Nigeria","Yobe",1,"Yobe","Nigeria_Yobe"
"506","Nigeria","Zamfara",1,"Zamfara","Nigeria_Zamfara"
"507","Reunion","Saint-Beno<U+00EE>t",1,"Saint-Beno<U+00EE>t","Reunion_Saint-Beno<U+00EE>t"
"508","Reunion","Saint-Denis",1,"Saint-Denis","Reunion_Saint-Denis"
"509","Reunion","Saint-Paul",1,"Saint-Paul","Reunion_Saint-Paul"
"510","Reunion","Saint-Pierre",1,"Saint-Pierre","Reunion_Saint-Pierre"
"511","Rwanda","Amajyaruguru",1,"Amajyaruguru","Rwanda_Amajyaruguru"
"512","Rwanda","Amajyepfo",1,"Amajyepfo","Rwanda_Amajyepfo"
"513","Rwanda","Iburasirazuba",1,"Iburasirazuba","Rwanda_Iburasirazuba"
"514","Rwanda","Iburengerazuba",1,"Iburengerazuba","Rwanda_Iburengerazuba"
"515","Rwanda","Umujyi wa Kigali",1,"Umujyi wa Kigali","Rwanda_Umujyi wa Kigali"
"516","Sudan","Al Jazirah",1,"Al Jazirah","Sudan_Al Jazirah"
"517","Sudan","Al Qadarif",1,"Al Qadarif","Sudan_Al Qadarif"
"518","Sudan","Blue Nile",1,"Blue Nile","Sudan_Blue Nile"
"519","Sudan","Central Darfur",1,"Central Darfur","Sudan_Central Darfur"
"520","Sudan","East Darfur",1,"East Darfur","Sudan_East Darfur"
"521","Sudan","Kassala",1,"Kassala","Sudan_Kassala"
"522","Sudan","Khartoum",1,"Khartoum","Sudan_Khartoum"
"523","Sudan","North Darfur",1,"North Darfur","Sudan_North Darfur"
"524","Sudan","North Kurdufan",1,"North Kurdufan","Sudan_North Kurdufan"
"525","Sudan","Northern",1,"Northern","Sudan_Northern"
"526","Sudan","Red Sea",1,"Red Sea","Sudan_Red Sea"
"527","Sudan","River Nile",1,"River Nile","Sudan_River Nile"
"528","Sudan","Sennar",1,"Sennar","Sudan_Sennar"
"529","Sudan","South Darfur",1,"South Darfur","Sudan_South Darfur"
"530","Sudan","South Kurdufan",1,"South Kurdufan","Sudan_South Kurdufan"
"531","Sudan","West Darfur",1,"West Darfur","Sudan_West Darfur"
"532","Sudan","West Kurdufan",1,"West Kurdufan","Sudan_West Kurdufan"
"533","Sudan","White Nile",1,"White Nile","Sudan_White Nile"
"534","Senegal","Dakar",1,"Dakar","Senegal_Dakar"
"535","Senegal","Diourbel",1,"Diourbel","Senegal_Diourbel"
"536","Senegal","Fatick",1,"Fatick","Senegal_Fatick"
"537","Senegal","Kaffrine",1,"Kaffrine","Senegal_Kaffrine"
"538","Senegal","Kaolack",1,"Kaolack","Senegal_Kaolack"
"539","Senegal","K¨¦dougou",1,"Kedougou","Senegal_Kedougou"
"540","Senegal","Kolda",1,"Kolda","Senegal_Kolda"
"541","Senegal","Louga",1,"Louga","Senegal_Louga"
"542","Senegal","Matam",1,"Matam","Senegal_Matam"
"543","Senegal","Saint-Louis",1,"Saint-Louis","Senegal_Saint-Louis"
"544","Senegal","S¨¦dhiou",1,"Sedhiou","Senegal_Sedhiou"
"545","Senegal","Tambacounda",1,"Tambacounda","Senegal_Tambacounda"
"546","Senegal","Thi¨¨s",1,"Thies","Senegal_Thies"
"547","Senegal","Ziguinchor",1,"Ziguinchor","Senegal_Ziguinchor"
"548","Sierra Leone","Eastern",1,"Eastern","Sierra Leone_Eastern"
"549","Sierra Leone","Northern",1,"Northern","Sierra Leone_Northern"
"550","Sierra Leone","Southern",1,"Southern","Sierra Leone_Southern"
"551","Sierra Leone","Western",1,"Western","Sierra Leone_Western"
"552","South Sudan","Central Equatoria",1,"Central Equatoria","South Sudan_Central Equatoria"
"553","South Sudan","Eastern Equatoria",1,"Eastern Equatoria","South Sudan_Eastern Equatoria"
"554","South Sudan","Jungoli",1,"Jungoli","South Sudan_Jungoli"
"555","South Sudan","Lakes",1,"Lakes","South Sudan_Lakes"
"556","South Sudan","North Bahr-al-Ghazal",1,"North Bahr-al-Ghazal","South Sudan_North Bahr-al-Ghazal"
"557","South Sudan","Unity",1,"Unity","South Sudan_Unity"
"558","South Sudan","Upper Nile",1,"Upper Nile","South Sudan_Upper Nile"
"559","South Sudan","Warap",1,"Warap","South Sudan_Warap"
"560","South Sudan","West Bahr-al-Ghazal",1,"West Bahr-al-Ghazal","South Sudan_West Bahr-al-Ghazal"
"561","South Sudan","West Equatoria",1,"West Equatoria","South Sudan_West Equatoria"
"562","S<U+00E3>o Tom¨¦ and Pr¨ªncipe","Pr¨ªncipe",1,"Principe","S<U+00E3>o Tom¨¦ and Pr¨ªncipe_Principe"
"563","S<U+00E3>o Tom¨¦ and Pr¨ªncipe","S<U+00E3>o Tom¨¦",1,"Sao Tome","S<U+00E3>o Tom¨¦ and Pr¨ªncipe_Sao Tome"
"564","Swaziland","Hhohho",1,"Hhohho","Swaziland_Hhohho"
"565","Swaziland","Lubombo",1,"Lubombo","Swaziland_Lubombo"
"566","Swaziland","Manzini",1,"Manzini","Swaziland_Manzini"
"567","Swaziland","Shiselweni",1,"Shiselweni","Swaziland_Shiselweni"
"568","Seychelles","Anse aux Pins",1,"Anse aux Pins","Seychelles_Anse aux Pins"
"569","Seychelles","Anse Boileau",1,"Anse Boileau","Seychelles_Anse Boileau"
"570","Seychelles","Anse ¨¦toile",1,"Anse ¨¦toile","Seychelles_Anse ¨¦toile"
"571","Seychelles","Anse Royale",1,"Anse Royale","Seychelles_Anse Royale"
"572","Seychelles","Au Cap",1,"Au Cap","Seychelles_Au Cap"
"573","Seychelles","Baie Lazare",1,"Baie Lazare","Seychelles_Baie Lazare"
"574","Seychelles","Baie Sainte Anne",1,"Baie Sainte Anne","Seychelles_Baie Sainte Anne"
"575","Seychelles","Beau Vallon",1,"Beau Vallon","Seychelles_Beau Vallon"
"576","Seychelles","Bel Air",1,"Bel Air","Seychelles_Bel Air"
"577","Seychelles","Belombre",1,"Belombre","Seychelles_Belombre"
"578","Seychelles","Cascade",1,"Cascade","Seychelles_Cascade"
"579","Seychelles","English River",1,"English River","Seychelles_English River"
"580","Seychelles","Glacis",1,"Glacis","Seychelles_Glacis"
"581","Seychelles","Grand' Anse",1,"Grand' Anse","Seychelles_Grand' Anse"
"582","Seychelles","Grand'Anse Praslin",1,"Grand'Anse Praslin","Seychelles_Grand'Anse Praslin"
"583","Seychelles","La Digue and Inner Islands",1,"La Digue and Inner Islands","Seychelles_La Digue and Inner Islands"
"584","Seychelles","Les Mamelles",1,"Les Mamelles","Seychelles_Les Mamelles"
"585","Seychelles","Mont Buxton",1,"Mont Buxton","Seychelles_Mont Buxton"
"586","Seychelles","Mont Fleuri",1,"Mont Fleuri","Seychelles_Mont Fleuri"
"587","Seychelles","Outer Islands",1,"Outer Islands","Seychelles_Outer Islands"
"588","Seychelles","Plaisance",1,"Plaisance","Seychelles_Plaisance"
"589","Seychelles","Pointe La Rue",1,"Pointe La Rue","Seychelles_Pointe La Rue"
"590","Seychelles","Port Glaud",1,"Port Glaud","Seychelles_Port Glaud"
"591","Seychelles","Roche Ca<U+00EF>man",1,"Roche Caiman","Seychelles_Roche Caiman"
"592","Seychelles","Saint Louis",1,"Saint Louis","Seychelles_Saint Louis"
"593","Seychelles","Takamaka",1,"Takamaka","Seychelles_Takamaka"
"594","Chad","Barh el Ghazel",1,"Barh el Ghazel","Chad_Barh el Ghazel"
"595","Chad","Batha",1,"Batha","Chad_Batha"
"596","Chad","Borkou",1,"Borkou","Chad_Borkou"
"597","Chad","Chari-Baguirmi",1,"Chari-Baguirmi","Chad_Chari-Baguirmi"
"598","Chad","Ennedi Est",1,"Ennedi Est","Chad_Ennedi Est"
"599","Chad","Ennedi Ouest",1,"Ennedi Ouest","Chad_Ennedi Ouest"
"600","Chad","Gu¨¦ra",1,"Guera","Chad_Guera"
"601","Chad","Hadjer-Lamis",1,"Hadjer-Lamis","Chad_Hadjer-Lamis"
"602","Chad","Kanem",1,"Kanem","Chad_Kanem"
"603","Chad","Lac",1,"Lac","Chad_Lac"
"604","Chad","Logone Occidental",1,"Logone Occidental","Chad_Logone Occidental"
"605","Chad","Logone Oriental",1,"Logone Oriental","Chad_Logone Oriental"
"606","Chad","Mandoul",1,"Mandoul","Chad_Mandoul"
"607","Chad","Mayo-Kebbi Est",1,"Mayo-Kebbi Est","Chad_Mayo-Kebbi Est"
"608","Chad","Mayo-Kebbi Ouest",1,"Mayo-Kebbi Ouest","Chad_Mayo-Kebbi Ouest"
"609","Chad","Moyen-Chari",1,"Moyen-Chari","Chad_Moyen-Chari"
"610","Chad","Ouadda<U+00EF>",1,"Ouaddai","Chad_Ouaddai"
"611","Chad","Salamat",1,"Salamat","Chad_Salamat"
"612","Chad","Sila",1,"Sila","Chad_Sila"
"613","Chad","Tandjil¨¦",1,"Tandjile","Chad_Tandjile"
"614","Chad","Tibesti",1,"Tibesti","Chad_Tibesti"
"615","Chad","Ville de N'Djamena",1,"Ville de N'Djamena","Chad_Ville de N'Djamena"
"616","Chad","Wadi Fira",1,"Wadi Fira","Chad_Wadi Fira"
"617","Togo","Centre",1,"Centre","Togo_Centre"
"618","Togo","Kara",1,"Kara","Togo_Kara"
"619","Togo","Maritime",1,"Maritime","Togo_Maritime"
"620","Togo","Plateaux",1,"Plateaux","Togo_Plateaux"
"621","Togo","Savanes",1,"Savanes","Togo_Savanes"
"622","Tunisia","Ariana",1,"Ariana","Tunisia_Ariana"
"623","Tunisia","B¨¦ja",1,"Beja","Tunisia_Beja"
"624","Tunisia","Ben Arous (Tunis Sud)",1,"Ben Arous (Tunis Sud)","Tunisia_Ben Arous (Tunis Sud)"
"625","Tunisia","Bizerte",1,"Bizerte","Tunisia_Bizerte"
"626","Tunisia","Gab¨¨s",1,"Gabes","Tunisia_Gabes"
"627","Tunisia","Gafsa",1,"Gafsa","Tunisia_Gafsa"
"628","Tunisia","Jendouba",1,"Jendouba","Tunisia_Jendouba"
"629","Tunisia","Kairouan",1,"Kairouan","Tunisia_Kairouan"
"630","Tunisia","Kass¨¦rine",1,"Kasserine","Tunisia_Kasserine"
"631","Tunisia","Kebili",1,"Kebili","Tunisia_Kebili"
"632","Tunisia","Le Kef",1,"Le Kef","Tunisia_Le Kef"
"633","Tunisia","Mahdia",1,"Mahdia","Tunisia_Mahdia"
"634","Tunisia","Manubah",1,"Manubah","Tunisia_Manubah"
"635","Tunisia","M¨¦denine",1,"Medenine","Tunisia_Medenine"
"636","Tunisia","Monastir",1,"Monastir","Tunisia_Monastir"
"637","Tunisia","Nabeul",1,"Nabeul","Tunisia_Nabeul"
"638","Tunisia","Sfax",1,"Sfax","Tunisia_Sfax"
"639","Tunisia","Sidi Bou Zid",1,"Sidi Bou Zid","Tunisia_Sidi Bou Zid"
"640","Tunisia","Siliana",1,"Siliana","Tunisia_Siliana"
"641","Tunisia","Sousse",1,"Sousse","Tunisia_Sousse"
"642","Tunisia","Tataouine",1,"Tataouine","Tunisia_Tataouine"
"643","Tunisia","Tozeur",1,"Tozeur","Tunisia_Tozeur"
"644","Tunisia","Tunis",1,"Tunis","Tunisia_Tunis"
"645","Tunisia","Zaghouan",1,"Zaghouan","Tunisia_Zaghouan"
"646","Tanzania","Arusha",1,"Arusha","Tanzania_Arusha"
"647","Tanzania","Dar es Salaam",1,"Dar es Salaam","Tanzania_Dar es Salaam"
"648","Tanzania","Dodoma",1,"Dodoma","Tanzania_Dodoma"
"649","Tanzania","Geita",1,"Geita","Tanzania_Geita"
"650","Tanzania","Iringa",1,"Iringa","Tanzania_Iringa"
"651","Tanzania","Kagera",1,"Kagera","Tanzania_Kagera"
"652","Tanzania","Katavi",1,"Katavi","Tanzania_Katavi"
"653","Tanzania","Kigoma",1,"Kigoma","Tanzania_Kigoma"
"654","Tanzania","Kilimanjaro",1,"Kilimanjaro","Tanzania_Kilimanjaro"
"655","Tanzania","Lindi",1,"Lindi","Tanzania_Lindi"
"656","Tanzania","Manyara",1,"Manyara","Tanzania_Manyara"
"657","Tanzania","Mara",1,"Mara","Tanzania_Mara"
"658","Tanzania","Mbeya",1,"Mbeya","Tanzania_Mbeya"
"659","Tanzania","Morogoro",1,"Morogoro","Tanzania_Morogoro"
"660","Tanzania","Mtwara",1,"Mtwara","Tanzania_Mtwara"
"661","Tanzania","Mwanza",1,"Mwanza","Tanzania_Mwanza"
"662","Tanzania","Njombe",1,"Njombe","Tanzania_Njombe"
"663","Tanzania","Pemba North",1,"Pemba North","Tanzania_Pemba North"
"664","Tanzania","Pemba South",1,"Pemba South","Tanzania_Pemba South"
"665","Tanzania","Pwani",1,"Pwani","Tanzania_Pwani"
"666","Tanzania","Rukwa",1,"Rukwa","Tanzania_Rukwa"
"667","Tanzania","Ruvuma",1,"Ruvuma","Tanzania_Ruvuma"
"668","Tanzania","Shinyanga",1,"Shinyanga","Tanzania_Shinyanga"
"669","Tanzania","Simiyu",1,"Simiyu","Tanzania_Simiyu"
"670","Tanzania","Singida",1,"Singida","Tanzania_Singida"
"671","Tanzania","Tabora",1,"Tabora","Tanzania_Tabora"
"672","Tanzania","Tanga",1,"Tanga","Tanzania_Tanga"
"673","Tanzania","Zanzibar North",1,"Zanzibar North","Tanzania_Zanzibar North"
"674","Tanzania","Zanzibar South and Central",1,"Zanzibar South and Central","Tanzania_Zanzibar South and Central"
"675","Tanzania","Zanzibar West",1,"Zanzibar West","Tanzania_Zanzibar West"
"676","Uganda","Adjumani",1,"Adjumani","Uganda_Adjumani"
"677","Uganda","Apac",1,"Apac","Uganda_Apac"
"678","Uganda","Arua",1,"Arua","Uganda_Arua"
"679","Uganda","Bugiri",1,"Bugiri","Uganda_Bugiri"
"680","Uganda","Bundibugyo",1,"Bundibugyo","Uganda_Bundibugyo"
"681","Uganda","Bushenyi",1,"Bushenyi","Uganda_Bushenyi"
"682","Uganda","Busia",1,"Busia","Uganda_Busia"
"683","Uganda","Gulu",1,"Gulu","Uganda_Gulu"
"684","Uganda","Hoima",1,"Hoima","Uganda_Hoima"
"685","Uganda","Iganga",1,"Iganga","Uganda_Iganga"
"686","Uganda","Jinja",1,"Jinja","Uganda_Jinja"
"687","Uganda","Kabale",1,"Kabale","Uganda_Kabale"
"688","Uganda","Kabarole",1,"Kabarole","Uganda_Kabarole"
"689","Uganda","Kaberamaido",1,"Kaberamaido","Uganda_Kaberamaido"
"690","Uganda","Kalangala",1,"Kalangala","Uganda_Kalangala"
"691","Uganda","Kampala",1,"Kampala","Uganda_Kampala"
"692","Uganda","Kamuli",1,"Kamuli","Uganda_Kamuli"
"693","Uganda","Kamwenge",1,"Kamwenge","Uganda_Kamwenge"
"694","Uganda","Kanungu",1,"Kanungu","Uganda_Kanungu"
"695","Uganda","Kapchorwa",1,"Kapchorwa","Uganda_Kapchorwa"
"696","Uganda","Kasese",1,"Kasese","Uganda_Kasese"
"697","Uganda","Katakwi",1,"Katakwi","Uganda_Katakwi"
"698","Uganda","Kayunga",1,"Kayunga","Uganda_Kayunga"
"699","Uganda","Kibale",1,"Kibale","Uganda_Kibale"
"700","Uganda","Kiboga",1,"Kiboga","Uganda_Kiboga"
"701","Uganda","Kisoro",1,"Kisoro","Uganda_Kisoro"
"702","Uganda","Kitgum",1,"Kitgum","Uganda_Kitgum"
"703","Uganda","Kotido",1,"Kotido","Uganda_Kotido"
"704","Uganda","Kumi",1,"Kumi","Uganda_Kumi"
"705","Uganda","Kyenjojo",1,"Kyenjojo","Uganda_Kyenjojo"
"706","Uganda","Lake Albert",1,"Lake Albert","Uganda_Lake Albert"
"707","Uganda","Lake Victoria",1,"Lake Victoria","Uganda_Lake Victoria"
"708","Uganda","Lira",1,"Lira","Uganda_Lira"
"709","Uganda","Luwero",1,"Luwero","Uganda_Luwero"
"710","Uganda","Masaka",1,"Masaka","Uganda_Masaka"
"711","Uganda","Masindi",1,"Masindi","Uganda_Masindi"
"712","Uganda","Mayuge",1,"Mayuge","Uganda_Mayuge"
"713","Uganda","Mbale",1,"Mbale","Uganda_Mbale"
"714","Uganda","Mbarara",1,"Mbarara","Uganda_Mbarara"
"715","Uganda","Moroto",1,"Moroto","Uganda_Moroto"
"716","Uganda","Moyo",1,"Moyo","Uganda_Moyo"
"717","Uganda","Mpigi",1,"Mpigi","Uganda_Mpigi"
"718","Uganda","Mubende",1,"Mubende","Uganda_Mubende"
"719","Uganda","Mukono",1,"Mukono","Uganda_Mukono"
"720","Uganda","Nakapiripirit",1,"Nakapiripirit","Uganda_Nakapiripirit"
"721","Uganda","Nakasongola",1,"Nakasongola","Uganda_Nakasongola"
"722","Uganda","Nebbi",1,"Nebbi","Uganda_Nebbi"
"723","Uganda","Ntungamo",1,"Ntungamo","Uganda_Ntungamo"
"724","Uganda","Pader",1,"Pader","Uganda_Pader"
"725","Uganda","Pallisa",1,"Pallisa","Uganda_Pallisa"
"726","Uganda","Rakai",1,"Rakai","Uganda_Rakai"
"727","Uganda","Rukungiri",1,"Rukungiri","Uganda_Rukungiri"
"728","Uganda","Sembabule",1,"Sembabule","Uganda_Sembabule"
"729","Uganda","Sironko",1,"Sironko","Uganda_Sironko"
"730","Uganda","Soroti",1,"Soroti","Uganda_Soroti"
"731","Uganda","Tororo",1,"Tororo","Uganda_Tororo"
"732","Uganda","Wakiso",1,"Wakiso","Uganda_Wakiso"
"733","Uganda","Yumbe",1,"Yumbe","Uganda_Yumbe"
"734","South Africa","Eastern Cape",1,"Eastern Cape","South Africa_Eastern Cape"
"735","South Africa","Free State",1,"Free State","South Africa_Free State"
"736","South Africa","Gauteng",1,"Gauteng","South Africa_Gauteng"
"737","South Africa","KwaZulu-Natal",1,"KwaZulu-Natal","South Africa_KwaZulu-Natal"
"738","South Africa","Limpopo",1,"Limpopo","South Africa_Limpopo"
"739","South Africa","Mpumalanga",1,"Mpumalanga","South Africa_Mpumalanga"
"740","South Africa","North West",1,"North West","South Africa_North West"
"741","South Africa","Northern Cape",1,"Northern Cape","South Africa_Northern Cape"
"742","South Africa","Western Cape",1,"Western Cape","South Africa_Western Cape"
"743","Zambia","Central",1,"Central","Zambia_Central"
"744","Zambia","Copperbelt",1,"Copperbelt","Zambia_Copperbelt"
"745","Zambia","Eastern",1,"Eastern","Zambia_Eastern"
"746","Zambia","Luapula",1,"Luapula","Zambia_Luapula"
"747","Zambia","Lusaka",1,"Lusaka","Zambia_Lusaka"
"748","Zambia","Muchinga",1,"Muchinga","Zambia_Muchinga"
"749","Zambia","North-Western",1,"North-Western","Zambia_North-Western"
"750","Zambia","Northern",1,"Northern","Zambia_Northern"
"751","Zambia","Southern",1,"Southern","Zambia_Southern"
"752","Zambia","Western",1,"Western","Zambia_Western"
"753","Zimbabwe","Bulawayo",1,"Bulawayo","Zimbabwe_Bulawayo"
"754","Zimbabwe","Harare",1,"Harare","Zimbabwe_Harare"
"755","Zimbabwe","Manicaland",1,"Manicaland","Zimbabwe_Manicaland"
"756","Zimbabwe","Mashonaland Central",1,"Mashonaland Central","Zimbabwe_Mashonaland Central"
"757","Zimbabwe","Mashonaland East",1,"Mashonaland East","Zimbabwe_Mashonaland East"
"758","Zimbabwe","Mashonaland West",1,"Mashonaland West","Zimbabwe_Mashonaland West"
"759","Zimbabwe","Masvingo",1,"Masvingo","Zimbabwe_Masvingo"
"760","Zimbabwe","Matabeleland North",1,"Matabeleland North","Zimbabwe_Matabeleland North"
"761","Zimbabwe","Matabeleland South",1,"Matabeleland South","Zimbabwe_Matabeleland South"
"762","Zimbabwe","Midlands",1,"Midlands","Zimbabwe_Midlands"
"763","Algeria","Adrar",1,"Adrar","Algeria_Adrar"
"764","Algeria","A<U+00EF>n Defla",1,"Ain Defla","Algeria_Ain Defla"
"765","Algeria","A<U+00EF>n T¨¦mouchent",1,"Ain Temouchent","Algeria_Ain Temouchent"
"766","Algeria","Alger",1,"Alger","Algeria_Alger"
"767","Algeria","Annaba",1,"Annaba","Algeria_Annaba"
"768","Algeria","Batna",1,"Batna","Algeria_Batna"
"769","Algeria","B¨¦char",1,"Bechar","Algeria_Bechar"
"770","Algeria","B¨¦ja<U+00EF>a",1,"Bejaia","Algeria_Bejaia"
"771","Algeria","Biskra",1,"Biskra","Algeria_Biskra"
"772","Algeria","Blida",1,"Blida","Algeria_Blida"
"773","Algeria","Bordj Bou Arr¨¦ridj",1,"Bordj Bou Arreridj","Algeria_Bordj Bou Arreridj"
"774","Algeria","Bouira",1,"Bouira","Algeria_Bouira"
"775","Algeria","Boumerd¨¨s",1,"Boumerdes","Algeria_Boumerdes"
"776","Algeria","Chlef",1,"Chlef","Algeria_Chlef"
"777","Algeria","Constantine",1,"Constantine","Algeria_Constantine"
"778","Algeria","Djelfa",1,"Djelfa","Algeria_Djelfa"
"779","Algeria","El Bayadh",1,"El Bayadh","Algeria_El Bayadh"
"780","Algeria","El Oued",1,"El Oued","Algeria_El Oued"
"781","Algeria","El Tarf",1,"El Tarf","Algeria_El Tarf"
"782","Algeria","Gharda<U+00EF>a",1,"Ghardaia","Algeria_Ghardaia"
"783","Algeria","Guelma",1,"Guelma","Algeria_Guelma"
"784","Algeria","Illizi",1,"Illizi","Algeria_Illizi"
"785","Algeria","Jijel",1,"Jijel","Algeria_Jijel"
"786","Algeria","Khenchela",1,"Khenchela","Algeria_Khenchela"
"787","Algeria","Laghouat",1,"Laghouat","Algeria_Laghouat"
"788","Algeria","M'Sila",1,"M'Sila","Algeria_M'Sila"
"789","Algeria","Mascara",1,"Mascara","Algeria_Mascara"
"790","Algeria","M¨¦d¨¦a",1,"Medea","Algeria_Medea"
"791","Algeria","Mila",1,"Mila","Algeria_Mila"
"792","Algeria","Mostaganem",1,"Mostaganem","Algeria_Mostaganem"
"793","Algeria","Naama",1,"Naama","Algeria_Naama"
"794","Algeria","Oran",1,"Oran","Algeria_Oran"
"795","Algeria","Ouargla",1,"Ouargla","Algeria_Ouargla"
"796","Algeria","Oum el Bouaghi",1,"Oum el Bouaghi","Algeria_Oum el Bouaghi"
"797","Algeria","Relizane",1,"Relizane","Algeria_Relizane"
"798","Algeria","Sa<U+00EF>da",1,"Saida","Algeria_Saida"
"799","Algeria","S¨¦tif",1,"Setif","Algeria_Setif"
"800","Algeria","Sidi Bel Abb¨¨s",1,"Sidi Bel Abbes","Algeria_Sidi Bel Abbes"
"801","Algeria","Skikda",1,"Skikda","Algeria_Skikda"
"802","Algeria","Souk Ahras",1,"Souk Ahras","Algeria_Souk Ahras"
"803","Algeria","Tamanghasset",1,"Tamanghasset","Algeria_Tamanghasset"
"804","Algeria","T¨¦bessa",1,"Tebessa","Algeria_Tebessa"
"805","Algeria","Tiaret",1,"Tiaret","Algeria_Tiaret"
"806","Algeria","Tindouf",1,"Tindouf","Algeria_Tindouf"
"807","Algeria","Tipaza",1,"Tipaza","Algeria_Tipaza"
"808","Algeria","Tissemsilt",1,"Tissemsilt","Algeria_Tissemsilt"
"809","Algeria","Tizi Ouzou",1,"Tizi Ouzou","Algeria_Tizi Ouzou"
"810","Algeria","Tlemcen",1,"Tlemcen","Algeria_Tlemcen"
